smiles,MW,LogP,HBA,HBD,TPSA,HBA_HBD,rotational bond,QED,SA,form_charge,L858R(4LQM),T790M(6JX4),C797S(6LUD)
C1CNCCN1c1ccc(Nc2ncc3c4ccccc4n(C4CCC(C)(C)CC4)c3n2)nc1,455.2797441,5.274,7,2,70.9,9,4,0.436608392,2.850214015,0,6.8224244,7.008969,6.1679587
C1CCCC1n1c2c(ccnc2)c2cnc(Nc3ccc(N4CCNCC4)cc3)nc12,413.2327939,4.2478,7,2,70.9,9,4,0.521271601,2.61526549,0,6.594486,6.7033987,6.090626
C1CN(c2cnc(Nc3nc4c(c5ccccc5n4C4CCCC4)cn3)cc2)CC(C(F)(F)F)N1,481.2201785,5.1787,7,2,70.9,9,4,0.418731916,3.388038401,0,6.7696137,6.786612,5.6992397
n1c(Nc2ccc(N3CCNCC3)cc2)nc2n(C3CSCC3)c3c(ccnc3)c2c1,431.1892148,3.8107,8,2,70.9,10,4,0.509085421,3.301613226,0,6.0103364,6.067938,4.918065
n1c(Nc2ccc(N3CCNCC3)cc2)ncc2c1n(C1CCC1)c1cnccc21,399.2171438,3.8577,7,2,70.9,9,4,0.543063135,2.604611284,0,5.5995746,5.682448,5.8050117
c12ccccc1cc(-c1c3nc(NC4CCCCC4N)ccn3nc1)cc2,357.1953457,4.2313,5,2,68.24,7,3,0.575617775,3.181134815,0,5.405943,5.4876785,5.880623
C1N(c2c(C=C3C(=O)NC(=O)S3)cccc2Cl)CC(N)C1,323.0495254,2.2013,5,2,75.43,7,2,0.816067453,3.163247604,0,5.942727,5.796127,6.574817
c1(NCCN)nc2c(-c3cc4c(cc3)cccc4)cnn2cc1,303.1483955,2.9201,5,2,68.24,7,4,0.608053163,2.350785701,0,5.7451477,5.772563,5.993543
n1c(OC2CNCCC23CC3)cncc1-c1c2c([nH]n1)ccc(-c1c(F)cccc1F)c2,433.1714167,4.486,5,2,75.72,7,4,0.496192986,3.943004609,0,5.9702578,5.9310093,5.5515757
c1cc(-c2[nH]cnn2)c2nc(Nc3c(Cl)cccc3)c3ccsc3c2c1,377.0501941,5.6316,5,2,66.49,7,3,0.427181794,2.856984135,0,5.4264917,5.518985,5.1643476
c12ccccc1c1c(c(-c3[nH]cnn3)ccc1)nc2Nc1c(F)cccc1,355.1233237,5.0558,4,2,66.49,6,3,0.444226808,2.582646923,0,6.640552,6.774815,6.2009063
c12ccccc1c1c(n2C2CCC(C)CC2)nc(Nc2ccc(N3CCNCC3)cn2)nc1,441.264094,4.8839,7,2,70.9,9,4,0.470169011,2.719609177,0,6.756081,6.7493715,6.004632
FC(F)(F)c1cnc(Nc2ccc3[nH]cnc3c2)nc1Nc1cc(C#C)ccc1,394.1153791,4.8402,5,3,78.52,8,4,0.431869964,2.754950371,0,6.0254536,5.80901,5.4930286
N1CCCC(CNc2nc3c(nnn3-c3cc(OC(F)(F)F)ccc3)cc2)CC1,406.172894,3.5157,7,2,76.89,9,5,0.675348972,3.091117992,0,5.6494823,5.834061,6.0276237
n1c2n(C3CCC(C)CC3)c3c(c2cnc1Nc1ccc2c(n1)C(C)CNC2)cccc3,426.253195,5.681,6,2,67.66,8,3,0.441015579,3.379251229,0,6.108348,6.037833,5.6533794
n1c2c(cnc1Nc1ccc(N3CCNCC3)cc1)ccc(-c1ccc(O)cc1F)c2,415.1808385,4.2947,6,3,73.31,9,4,0.461736941,2.425595842,0,6.790063,6.8218327,5.992871
n1(-c2ccccc2)c2c(ccnc2)c2cnc(Nc3ccc(N4CCNCC4)cc3)nc12,421.2014937,4.1219,7,2,70.9,9,4,0.454890794,2.489655012,0,6.449439,6.7604475,5.735728
COc1ccc2c(c1CN1CCNCC1)OC(=Cc1c3c([nH]c1)cccc3)C2=O,389.1739416,3.1979,5,2,66.59,7,4,0.671102288,2.630041754,0,5.336479,5.2552366,5.352166
c1ccc(-n2c3nc(NCC4CCNCC4)c(Cl)cc3nn2)cc1N(C)C,385.1781714,2.9464,7,2,70.9,9,5,0.703244059,2.738484542,0,5.8697696,6.1662297,5.703457
[nH]1cnnc1-c1c2nc(Nc3ccccc3)c3ccsc3c2ccc1,343.0891664,4.9782,5,2,66.49,7,3,0.484808711,2.779642005,0,5.3659015,5.391634,5.786941
c1(-c2cnn3c2nc(NCC2NCCOCC2)cc3)ccc2c(n1)cccc2,374.1855093,2.7349,7,2,76.37,9,4,0.572039122,3.221507868,0,7.6412067,7.6768413,5.866459
c1cc(NC2=CCC(O)CC2)c2c(ccc(-c3nnc4ccccn43)n2)c1,357.1589602,3.7851,6,2,75.34,8,3,0.583466932,3.301764225,0,6.225769,6.1545753,5.5175295
c1ncc(OC2CNCCC23CC3)nc1-c1n[nH]c2c1cc(-c1c(F)cccc1F)cc2,433.1714167,4.486,5,2,75.72,7,4,0.496192986,3.943004609,0,5.846237,5.6785884,6.184683
c1c2c(n(C3CCCC3)c3c2ccnc3)nc(Nc2ccc(N3CCNCC3)cc2)n1,413.2327939,4.2478,7,2,70.9,9,4,0.521271601,2.61526549,0,6.398442,6.3449135,5.5631895
C1N(Cc2[nH]c(=O)c3c(n2)c2c(o3)ccc(Br)c2)CCC(NC)C1,390.0691379,2.6156,5,2,74.16,7,3,0.718262669,2.686788657,0,5.8803973,5.9329123,5.4140635
N(C1CCC(N)CC1)c1ccn2c(c(-c3cc4c(cc3)cccc4)cn2)n1,357.1953457,4.2313,5,2,68.24,7,3,0.575617775,2.487707308,0,7.110844,7.2633333,6.6336994
C(c1c(F)c(-c2c(F)cccc2F)n1)(=O)Nc1cnccc1C1=CC(O)CC(C)C1,413.1351115,4.1565,4,2,74.58,6,4,0.790682792,3.994044671,0,7.8858705,8.13744,6.9288054
c1c(Cl)c(Nc2c3c(scc3)c3cccc(C(=O)N)c3n2)ccc1,353.0389607,4.9454,4,2,68.01,6,3,0.547463883,2.317130463,0,5.4220533,5.4859757,5.933488
c1(Nc2ncc(N3CCNCC3)cc2)ncc2c3ccccc3n(C3CCCC3)c2n1,413.2327939,4.2478,7,2,70.9,9,4,0.521271601,2.632552339,0,6.4973226,6.536912,5.494943
C1CNCCN1c1ccc(Nc2ncc3c4ccncc4n(C4CCCC4)c3n2)cc1,413.2327939,4.2478,7,2,70.9,9,4,0.521271601,2.61526549,0,6.6156793,6.6546474,6.928938
c1(Nc2c3ccsc3c3cccc(-c4[nH]cnn4)c3n2)ccccc1,343.0891664,4.9782,5,2,66.49,7,3,0.484808711,2.779642005,0,5.6463985,5.6280565,5.3698626
c1cc(NCC2CCNCC2)nc2c1nnn2-c1cccc(N(C)C)c1,351.2171438,2.293,7,2,70.9,9,5,0.734926786,2.62298617,0,7.179806,7.162151,5.599024
O=C(Nc1cnccc1OC1CNCC1)c1nc(-c2c(F)cccc2F)sc1,402.0962032,3.4763,6,2,76.14,8,5,0.683487384,3.090073009,0,5.230405,5.2213187,5.809874
C1NC(C)(C)CN(c2cnc(Nc3ncc4c(n(C5CCCC5)c5c4cccc5)n3)cc2)C1,441.264094,5.0264,7,2,70.9,9,4,0.463045496,2.868965233,0,5.4410152,5.5616436,7.2881784
C1(c2c(NC(=O)c3csc(-c4c(F)cccc4F)n3)cncc2)CC(O)CC(C)C1,429.1322544,5.0001,5,2,75.11,7,4,0.612051013,3.622034564,0,7.483309,7.4297504,6.4066806
c1nc(Nc2ccc(N3CCNCC3)c(C)n2)nc2c1c1c(cccc1)n2C1CCCCCC1,455.2797441,5.33642,7,2,70.9,9,4,0.405089567,2.749104931,0,5.6129065,5.6223063,5.1860456
c1(Nc2cc(Cl)ccc2)nc2c(-c3[nH]cnn3)cccc2c2sccc21,377.0501941,5.6316,5,2,66.49,7,3,0.427181794,2.864966353,0,6.876817,7.127936,6.4731655
Fc1c(-c2cc3c(-c4cncc(NC5CCNC5)n4)n[nH]c3cc2)c(F)ccc1,392.156101,3.7389,5,3,78.52,8,4,0.493182673,3.202313875,0,6.5519223,6.487039,6.336579
c1ccccc1-n1c2nc(Nc3ccc(N4CCNCC4)cc3)ncc2c2ccncc12,421.2014937,4.1219,7,2,70.9,9,4,0.454890794,2.489655012,0,6.3745413,6.5509024,5.9982595
c1(-c2c(F)cccc2F)nc(C(Nc2cnccc2C2CC(C)CC(O)C2)=O)ccc1,423.1758334,4.9386,4,2,75.11,6,4,0.623436954,3.554257398,0,7.838018,7.903459,7.1378117
c1c(OC(F)(F)F)cccc1CNC1CNC(=O)c2nc(C)sc21,357.0758823,2.92442,5,2,63.25,7,4,0.883235255,3.307069744,0,4.825555,4.968425,4.8956656
c1(-c2cncc(NC3CCCNC3)n2)c2c([nH]n1)ccc(-c1ccc(F)cc1F)c2,406.1717511,4.129,5,3,78.52,8,4,0.4750346,3.158919411,0,6.29969,6.4762864,5.295541
N(c1cccc(Cl)c1)c1nc2c(-c3[nH]cnn3)cccc2c2cnccc21,372.0890221,4.9651,5,2,79.38,7,3,0.437176391,2.792433462,0,6.084531,6.0422945,5.9783344
c1(CN2CCC(O)CC2)[nH]cc(C)c2oc3c(c2n1)cc(Br)cc3,389.073889,3.646,5,2,61,7,2,0.822139543,3.230519092,0,7.2140226,7.215129,6.080817
C1CN(c2cnc(Nc3nc4c(c5cccc(Cl)c5n4C4CCCC4)cn3)cc2)CCN1,447.1938215,4.9012,7,2,70.9,9,4,0.463272251,2.772063929,0,6.7159605,6.925874,5.6708045
n1(-c2ccc(OC)cc2)c2c(c3cnc(Nc4ccc(N5CCNCC5)cc4)cc13)ccnc2,450.2168095,4.7355,7,2,67.24,9,5,0.403384014,2.522607901,0,5.189667,5.196176,5.6363616
Cc1c(Nc2ncc3c(n(C4CCCC4)c4cnccc43)n2)ccc(N2CCC(NC)CC2)c1,455.2797441,5.33482,7,2,70.9,9,5,0.423569632,2.760412015,0,6.89578,6.8165207,6.4114027
C1(O)CN(c2ccncc2NC(c2nc(-c3c(F)cccc3F)sc2)=O)CC1C,416.1118533,3.5526,6,2,78.35,8,4,0.680161293,3.369498291,0,6.266088,6.7532864,5.2931395
c1ccc(Cl)c(Nc2nc3c(-c4[nH]cnn4)cccc3c3c2ccnc3)c1,372.0890221,4.9651,5,2,79.38,7,3,0.437176391,2.784750577,0,7.0193477,7.138869,6.6140256
c1nccc(C2CC(O)CC(C)C2)c1NC(=O)c1c(F)ccc(-c2c(F)c(C)ccc2F)n1,455.1820617,5.38612,4,2,75.11,6,4,0.55351279,3.80126391,0,7.1067867,7.3582077,5.6396313
c1(C=C2SC(=O)NC2=O)cccc(Cl)c1N1CCCC(N)C1,337.0651754,2.5914,5,2,75.43,7,2,0.811221447,3.139476304,0,4.7287645,4.7203093,5.0012116
c1(F)cc(N2C(=O)CCNCC2)cc(-c2oc(C=C3C(=O)Nc4ccc(Cl)cc43)cc2)c1,451.1098974,4.5581,4,2,74.58,6,3,0.572452257,2.752111241,0,5.8860126,5.7389216,6.555905
c1(Cl)cc2c([nH]nc2-c2nc(OC3CNCCC34CC4)cnc2)cc1,355.1199879,3.1942,5,2,75.72,7,3,0.754210941,3.914945049,0,6.4278235,6.2394104,5.1759768
c1c(-c2cc3c([nH]cc3-c3ccc(N)nc3F)cc2)c(F)nc(C)c1,336.1186529,4.46072,3,2,67.59,5,2,0.531088717,2.691269221,0,6.8748317,6.990564,6.1391473
c1c(-c2c3cc(-c4ccccc4F)ccc3[nH]n2)nc(OC2C3(CC3)CCNC2)cn1,415.1808385,4.3469,5,2,75.72,7,4,0.518406387,3.834811113,0,6.9648094,7.08524,6.0372767
c1(-c2ccccc2)cccc(C=C2SC(=O)NC2=O)c1N1CCCC(N)C1,379.1354479,3.605,5,2,75.43,7,3,0.797134944,2.997102997,0,5.4485645,5.377129,5.435002
c12c(c3c(nc(Nc4nc(CN5CCNCC5)cs4)nc3)n1C1CCCC1)cccc2,433.2048649,4.3049,8,2,70.9,10,5,0.488873068,2.688965738,0,6.1928535,6.362127,5.8604603
C1CNCCN1c1ccc(Nc2nc3c(c(C)c(Br)c(=O)n3C3CCCC3)cn2)cc1,482.1429716,4.13072,7,2,75.08,9,4,0.581579007,2.660642165,0,6.4597964,6.608207,5.602242
n1cc(NC2CCCCC2)nc(-c2n[nH]c3ccc(-c4c(F)cncc4)cc23)c1,388.1811729,4.9656,5,2,79.38,7,4,0.516183551,2.6778007,0,5.8081155,5.911936,5.8599215
O=C(c1ccc(F)c(-c2c(F)cccc2F)n1)Nc1cnccc1C1=CC(O)CC(C)C1,439.1507615,4.9874,4,2,75.11,6,4,0.600873164,3.59702348,0,8.399023,8.49204,7.6373467
c1(Nc2c3ccncc3c3cccc(-c4nnc[nH]4)c3n2)ccccc1C,352.1436445,4.62012,5,2,79.38,7,3,0.463214616,2.761935577,0,5.0191035,5.0451,4.847214
C1CC2(CC2)C(Oc2cncc(-c3c4cc(-c5c(F)cccc5F)ccc4[nH]n3)n2)CNC1,447.1870668,4.8761,5,2,75.72,7,4,0.466602783,3.959178918,0,5.852113,5.865176,6.709422
c1(Cl)c(Nc2c3ccsc3c3c(c(-c4[nH]cnn4)ccc3)n2)cccc1,377.0501941,5.6316,5,2,66.49,7,3,0.427181794,2.856984135,0,6.5630164,6.7037597,5.370192
C1CNCC(CNc2ccc3c(n(-c4cccc(OC(F)(F)F)c4)cn3)n2)C1,391.1619949,3.7306,6,2,64,8,5,0.693978879,3.128459334,0,5.711659,5.7234097,5.926492
c1(Nc2ncc(N3CCNCC3)cc2)ncc2c(n(C3CCCCC3)c3ccccc23)n1,427.2484439,4.6379,7,2,70.9,9,4,0.494511163,2.642284339,0,6.7294497,6.7536783,5.1776986
C1(C)NC(C)CN(c2ccc(Nc3ncc4c5c(n(C6CCCC6)c4n3)cncc5)cc2)C1,441.264094,5.0248,7,2,70.9,9,4,0.463128921,3.493240657,0,7.8219814,7.954947,6.380423
C(F)(c1cc(-n2c3nc(NCC4CCNCC4)cc(OC)c3nn2)ccc1)F,388.1823158,3.1732,7,2,76.89,9,6,0.675527985,2.867747716,0,5.479951,5.526905,5.572241
C1CNCC(Oc2cncc(-c3n[nH]c4c3cc(-c3ccccc3)cc4)n2)C12CC2,397.1902604,4.2078,5,2,75.72,7,4,0.539560365,3.749998411,0,6.9475255,6.972858,5.5349836
c1(F)cccc(F)c1-c1cc2c(-c3cncc(NC4CCNCC4)n3)n[nH]c2cc1,406.1717511,4.129,5,3,78.52,8,4,0.4750346,2.767790117,0,6.327503,6.2336717,5.8191752
n1cc2c3ccccc3n(C3CCCC3)c2nc1Nc1ncc(N2CCC(NC)CC2)cc1,441.264094,5.0264,7,2,70.9,9,5,0.452824769,2.683948267,0,6.5623717,6.4678707,4.905385
C(CNc1cncc(-c2n[nH]c3ccc(-c4c(F)cccc4F)cc32)n1)C1CCNCC1,434.2030512,4.7667,5,3,78.52,8,6,0.407598418,2.820028355,0,6.41273,6.363872,6.3700104
c12c(c(-c3cncc(NC4CCCCC4)n3)c[nH]1)nc(-c1nccs1)cc2,376.1470156,4.888,6,2,79.38,8,4,0.53011052,2.803886646,0,6.7718315,6.6982074,5.678682
C1CN(c2ccc(Nc3ncc4c(n(C5CCCC5)c5ccccc54)n3)nc2)CC(C)N1,427.2484439,4.6363,7,2,70.9,9,4,0.494575557,3.177452344,0,6.1118836,5.9768763,6.5847197
c1c(-c2ccc(C=C3C(=O)Nc4c3cc(Cl)cc4)o2)cc(C(N2CCNCCC2)=O)cc1,447.1349692,4.5282,4,2,74.58,6,3,0.578399986,2.512255043,0,5.805107,5.9433618,4.753036
N(c1cnccc1C1=CC(O)CC(C)C1)C(=O)c1nc(C2CCCCC2)c(F)cc1,409.2165554,5.0899,4,2,75.11,6,4,0.73753665,3.668338704,0,6.438186,6.50085,6.1071796
c1c(O)cc(F)c(-c2nc(C(=O)Nc3c(N4CCC(F)CC4)ccnc3)cs2)c1F,434.1024314,4.3795,6,2,78.35,8,4,0.637326053,2.80596996,0,5.9804325,5.923933,5.144784
n1c(-c2ccc3cccc(NC4CCNC4)c3n2)n2cc(C3CC3)ccc2n1,370.1905947,3.5957,6,2,67.14,8,4,0.57455841,3.171889485,0,8.029791,8.043351,6.5911255
c12ccc(-c3nnc4ccccn34)nc1c(NC1CCNCC1)ccc2,344.1749446,3.1084,6,2,67.14,8,3,0.59768523,2.550289844,0,6.1375666,6.235456,6.3638268
c1ccc(-c2nnc[nH]2)c2c1c1c(c(Nc3c(Cl)cccc3)n2)ccnc1,372.0890221,4.9651,5,2,79.38,7,3,0.437176391,2.784750577,0,5.0727377,5.071585,5.2126226
c1cccc(Nc2nc3c(-c4nnc[nH]4)cccc3c3c2ccs3)c1Cl,377.0501941,5.6316,5,2,66.49,7,3,0.427181794,2.856984135,0,6.5711994,6.747421,5.725786
c1(Nc2c3c(c4cccc(-c5[nH]cnn5)c4n2)cncc3)c(Cl)cccc1,372.0890221,4.9651,5,2,79.38,7,3,0.437176391,2.784750577,0,6.706701,6.708128,6.578015
n1cc2c(n(C3CCCC3)c3ccccc23)nc1Nc1ccc(N2CCNCC2)c(C)n1,427.2484439,4.55622,7,2,70.9,9,4,0.497677647,2.73085486,0,5.3969474,5.3514996,5.420564
c1(-c2cnn3ccc(NCCN)nc23)cc2c(cccc2)cc1,303.1483955,2.9201,5,2,68.24,7,4,0.608053163,2.350785701,0,6.1191087,6.2997203,5.495121
C1(=Cc2cccc(OC)c2N2CCCC(N)C2)SC(=O)N1,305.1197978,2.3775,5,2,67.59,7,3,0.897197336,3.269647082,0,5.789894,5.790323,5.248369
c1(-c2scc(C(Nc3c(OC4CNCC4)ccnc3)=O)n2)c(F)cccc1F,402.0962032,3.4763,6,2,76.14,8,5,0.683487384,3.090073009,0,6.3617997,6.423084,6.4428926
c1ccn2c(-c3nc4c(NC5CCNCC5)cccc4cc3)nnc2c1,344.1749446,3.1084,6,2,67.14,8,3,0.59768523,2.550289844,0,5.852966,5.774061,5.7489395
n1ccc(C2CC(O)CC(C)C2)c(NC(=O)c2ccc(F)c(-c3c(F)cccc3F)n2)c1,441.1664116,5.0777,4,2,75.11,6,4,0.592350216,3.631197115,0,7.4817524,7.5712934,6.538111
c1cc2[nH]nc(-c3cncc(OC4C5(CC5)CCNC4)n3)c2cc1-c1c(F)cccc1F,433.1714167,4.486,5,2,75.72,7,4,0.496192986,3.943004609,0,7.2596903,7.0964828,6.5857077
c1cc2ccccc2cc1-c1cnn2ccc(NC3CCC(N)CC3)nc12,357.1953457,4.2313,5,2,68.24,7,3,0.575617775,2.487707308,0,6.112854,6.3010817,5.102822
c1c(-c2c(F)cccc2)cc2c(-c3nc(OC4C5(CCNC4)CC5)cnc3)n[nH]c2c1,415.1808385,4.3469,5,2,75.72,7,4,0.518406387,3.834811113,0,7.0304484,7.1497946,6.3674173
n1(C(C)C)c2c(cnc(Nc3ccc(N4CCNCC4)cc3)n2)c2ccnc(F)c12,405.207722,3.8527,7,2,70.9,9,4,0.502735884,2.788590744,0,5.428267,5.4246354,5.182418
c1cc(F)c(-c2c(F)ccc(C)c2F)nc1C(=O)Nc1c(C2=CC(O)CC(C)C2)ccnc1,453.1664116,5.29582,4,2,75.11,6,4,0.562564395,3.707399572,0,6.0344553,5.997214,5.7324967
c12ncccc1c(Nc1c(Cl)cc(F)cc1)nc1c(-c3[nH]cnn3)cccc21,390.0796003,5.1042,5,2,79.38,7,3,0.41862242,2.816490096,0,5.942248,5.8852153,5.793474
C1C(n2c3nc(Nc4ccc(N5CCNCC5)cc4)ncc3c3ccnc(F)c32)CCC1,431.2233721,4.3869,7,2,70.9,9,4,0.467306801,2.75776158,0,5.537674,5.576346,5.9849567
c1cc(N2CC(C)NC(C)C2)cnc1Nc1nc2n(C3CCCC3)c3ccccc3c2cn1,441.264094,5.0248,7,2,70.9,9,4,0.463128921,3.509814646,0,7.305211,7.464007,7.4852066
CC1C(O)C(C)CN(c2ccncc2NC(c2ccc(F)c(-c3c(F)cccc3F)n2)=O)C1,456.1773106,4.2663,5,2,78.35,7,4,0.613340649,3.459485692,0,6.8980446,7.143078,6.2928557
c1(F)c(-c2nc(C(=O)Nc3cnccc3N3CC(O)CC(C)C3)cs2)cccc1,412.1369251,3.8036,6,2,78.35,8,4,0.68148409,3.217534759,0,7.2329354,7.4359922,6.644813
c1(Br)cccc(C=C2SC(=O)NC2=O)c1N1CCCC(N)C1,381.0146599,2.7005,5,2,75.43,7,2,0.769740256,3.22030211,0,5.6122537,5.561483,5.597427
N1CCCN(c2c(C=C3SC(=O)NC3=O)cccc2OCC(C)C)CC1,375.1616627,2.845,6,2,70.67,8,5,0.771461752,2.750975643,0,5.6230903,5.549532,6.6148715
C1C(O)CC(c2ccncc2NC(=O)c2ccc(F)c(-c3c(F)cccc3F)n2)C1,413.1351115,4.4416,4,2,75.11,6,4,0.663155691,3.303900566,0,6.770337,7.080011,5.533205
N(c1ncc2c3c(n(C4CCC4)c2n1)ccnc3)c1ccc(N2CCNCC2)cc1,399.2171438,3.8577,7,2,70.9,9,4,0.543063135,2.617937818,0,6.7827907,6.8334775,6.6761303
n1cc2c(c3c(nc(Nc4ccc(N5CCNCC5)cc4)nc3)n2C2CCCCC2)cc1,427.2484439,4.6379,7,2,70.9,9,4,0.494511163,2.625537704,0,7.7311983,7.6898446,7.1277676
N(c1ncc(N2CC(C)NC(C)C2)cc1)c1nc2n(C3CCCC3)c3c(ccnc3)c2cc1,441.264094,5.0248,7,2,70.9,9,4,0.463128921,3.621712981,0,7.118811,7.1614327,6.545878
c1ccc2ccc(-c3nnc4ccccn34)nc2c1NCC1CNCC1,344.1749446,2.9659,6,2,67.14,8,4,0.595709188,3.012727235,0,5.58255,5.668961,6.550064
n1c(-c2ccc3c(c(-c4nc(NC(C)C)cnc4)c[nH]3)c2)c(F)ccc1,347.1546238,4.6463,4,2,66.49,6,4,0.563989123,2.598039336,0,7.4617133,7.164096,7.7893996
c1c(-c2cnn3c2nc(NC2CCC(N)CC2)cc3)ccc2ccccc12,357.1953457,4.2313,5,2,68.24,7,3,0.575617775,2.487707308,0,7.5043902,7.715539,6.5719256
N1CCC(Nc2nc3c(-c4cccc(OC(F)(F)F)c4)cnn3cc2)CC1,377.1463449,3.4588,6,2,63.48,8,4,0.729171542,2.689568565,0,6.0109377,6.2404757,6.3542643
c1cc(Nc2ncc3c4c(cncc4)n(C4CCCC4)c3n2)ccc1N1CC(C)NCCC1,441.264094,5.0264,7,2,70.9,9,4,0.463045496,3.172202358,0,6.1193247,6.156277,6.7442794
C1CN(c2ccc(Nc3ncc4c(n(C5CCCC5)c5ccccc45)n3)nc2)CCN1,413.2327939,4.2478,7,2,70.9,9,4,0.521271601,2.632552339,0,6.2442126,6.2688255,6.569436
C(N)(CNc1ccn2ncc(-c3cc4ccccc4cc3)c2n1)C,317.1640456,3.3086,5,2,68.24,7,4,0.605766675,2.854149062,0,5.703936,5.697938,5.1151447
c1c(NCC2CCNCC2)nc2c(c1)nnn2-c1cc(OC(F)(F)F)ccc1,392.1572439,3.1256,7,2,76.89,9,5,0.694884504,2.666865664,0,5.9171705,5.9854794,5.34754
c1(C)cc2c(cc1)c(-c1nc(OC3C4(CC4)CCNC3)cnc1)n[nH]2,335.1746103,2.84922,5,2,75.72,7,3,0.769632222,3.926731351,0,6.854697,6.983821,6.944946
c1ccc2cc(-c3cnn4ccc(NCCN)nc34)ccc2c1,303.1483955,2.9201,5,2,68.24,7,4,0.608053163,2.350785701,0,5.221381,5.2199893,6.0046325
n1(C2CCCC2)c2c(c3cnc(Nc4ccc(N5CCNCC5)cn4)nc13)cccc2,413.2327939,4.2478,7,2,70.9,9,4,0.521271601,2.632552339,0,5.3774195,5.4373426,5.244514
c1cn2c(nnc2-c2ccc3c(c(NC4CNCC4)ccc3)n2)cc1,330.1592946,2.7183,6,2,67.14,8,3,0.604478694,2.988442922,0,5.2974463,5.4508557,5.634903
C1CCC(n2c3nc(Nc4ccc(N5CCNCC5)cn4)ncc3c3ccccc23)C1,413.2327939,4.2478,7,2,70.9,9,4,0.521271601,2.632552339,0,5.254963,5.2465663,5.9019313
c12cc(-c3c(F)cccc3)ccc1[nH]nc2-c1nc(OC2C3(CC3)CCNC2)cnc1,415.1808385,4.3469,5,2,75.72,7,4,0.518406387,3.834811113,0,7.958306,7.9165916,8.025691
c12c(c3c(cccc3)n1C1CCCC1)cnc(Nc1scc(CN3CCC(O)C3)n1)n2,434.1888805,4.4663,8,2,79.1,10,5,0.48260939,3.108463296,0,6.264157,6.280486,5.400749
c1c(-c2[nH]cnn2)cc(-c2c3nc(NCCC)c(C)nc3ccc2)cc1,344.1749446,4.21222,5,2,79.38,7,5,0.566729755,2.787651554,0,5.1133366,5.1140575,5.1290646
[nH]1c2ccc(-c3ccccc3)cc2c(-c2cncc(OC3CNCCC34CC4)n2)c1,396.1950114,4.8128,4,2,62.83,6,4,0.519479244,3.683754678,0,6.6276464,6.789025,5.4565306
C1CC(N)CN(c2c(Cl)cccc2C=C2C(=O)NC(=O)S2)C1,337.0651754,2.5914,5,2,75.43,7,2,0.811221447,3.139476304,0,5.109235,5.1805496,4.460171
s1c(-c2ccc3c(c(-c4nc(NC5CNCC5)cnc4)c[nH]3)c2)c(F)nc1,380.1219438,3.6613,6,3,78.52,9,4,0.50356728,3.521412687,0,5.559354,5.616086,6.006122
c1c(-c2[nH]cnn2)c2c(c3c(c(Nc4c(Cl)cc(F)cc4)n2)ccs3)cc1,395.0407723,5.7707,5,2,66.49,7,3,0.406619206,2.941475718,0,6.6314173,6.53088,5.127147
n1c(NC2CCC(N)CC2)ccn2ncc(-c3cc4ccccc4cc3)c12,357.1953457,4.2313,5,2,68.24,7,3,0.575617775,2.487707308,0,6.4392977,6.3774247,6.1346974
c1c(-c2cccc(C=C3C(=O)NC(=O)S3)c2N2CCCC(N)C2)ccs1,385.0918688,3.6665,6,2,75.43,8,3,0.788761097,3.299104253,0,6.310986,6.422717,5.603563
c1cccc2c(C=C3C(=O)c4c(c(CN5CCNCC5)c(OC)cc4)O3)c[nH]c12,389.1739416,3.1979,5,2,66.59,7,4,0.671102288,2.630041754,0,6.2304344,6.2634,5.6436915
n1(-c2cccc(OC(F)(F)F)c2)c2nc(NCC3CCNCC3)ccc2nc1,391.1619949,3.7306,6,2,64,8,5,0.693978879,2.678956263,0,6.9172077,7.101388,5.1067514
n1c(C)c(Nc2c3ccsc3c3cccc(-c4nnc[nH]4)c3n2)ccc1F,376.0906436,4.82072,6,2,79.38,8,3,0.441384993,3.169726936,0,5.11718,5.1069674,5.0434084
c1cc(-c2nnc[nH]2)c2nc(Nc3ccccc3F)c3ccsc3c2c1,361.0797446,5.1173,5,2,66.49,7,3,0.468141963,2.861497621,0,5.219841,5.2229605,5.6831083
C1CC(n2c3c(ccc(F)c3C)c3cnc(Nc4ccc(N5CCNCC5)cn4)nc23)CC1,445.2390221,4.69532,7,2,70.9,9,4,0.474726078,2.860731767,0,6.6735535,6.40023,6.0541534
c12c(cccc1)cc(-c1cnn3ccc(NCCN)nc13)cc2,303.1483955,2.9201,5,2,68.24,7,4,0.608053163,2.350785701,0,5.755196,5.9285493,5.3327274
C1CCC(n2c3nc(Nc4ccc(N5CCNCC5)cc4)ncc3c3ccncc23)C1,413.2327939,4.2478,7,2,70.9,9,4,0.521271601,2.61526549,0,5.306458,5.3286543,5.4595475
N1CCC(Nc2cccc3c2nc(-c2n4c(nn2)cccc4)cc3)C1,330.1592946,2.7183,6,2,67.14,8,3,0.604478694,2.988442922,0,6.808956,7.023318,6.349764
C1NCCN(c2cnc(Nc3ncc4c(n(C5CCCC5)c5ccccc45)n3)cc2)C1,413.2327939,4.2478,7,2,70.9,9,4,0.521271601,2.632552339,0,6.6131744,6.5106716,7.2386713
c1(Cl)c(N2CC(N)CC2)c(C=C2SC(=O)NC2=O)ccc1,323.0495254,2.2013,5,2,75.43,7,2,0.816067453,3.163247604,0,6.4743543,6.1626344,6.4551167
[nH]1c2ccc(-c3c(F)cncc3)cc2c(-c2nc(OC3CNCCC34CC4)cnc2)c1,415.1808385,4.3469,5,2,75.72,7,4,0.518406387,3.94586944,0,6.412326,6.5284133,5.234612
c1(C2CC(C)CC(O)C2)ccncc1NC(c1nc(-c2c(F)cccc2F)c(F)cc1)=O,441.1664116,5.0777,4,2,75.11,6,4,0.592350216,3.631197115,0,6.7728353,6.771986,6.075296
c12ccccc1cc(-c1cnn3ccc(NCCN)nc13)cc2,303.1483955,2.9201,5,2,68.24,7,4,0.608053163,2.350785701,0,5.945353,6.010913,5.074214
c1c2c(c(CN3CCNCC3)c(OC)c1)OC(=Cc1c[nH]c3ccccc13)C2=O,389.1739416,3.1979,5,2,66.59,7,4,0.671102288,2.630041754,0,6.0272775,5.9771914,5.6410794
c1cc(Nc2nc3c(cccc3C(=O)N)c3sccc23)c(Cl)cc1,353.0389607,4.9454,4,2,68.01,6,3,0.547463883,2.317130463,0,6.4080663,6.5042515,6.043499
c1nnc(-c2cccc3c4c(c(Nc5ccccc5F)nc32)ccnc4)[nH]1,356.1185726,4.4508,5,2,79.38,7,3,0.466953277,2.789094808,0,6.760796,6.643601,7.7818527
Brc1c(Br)c(Br)c2c([nH]c(NC3C(N)CCCC3)n2)c1,463.8846828,4.5322,3,3,66.73,6,2,0.569415316,3.676073522,0,7.6475,7.8511305,5.672375
C(C)(C)C(NC(CC1CNC(=O)c2cc(-c3cc(Cl)ccc3)cn21)=O)(C1CCCCC1)C,455.233955,5.5943,3,2,63.13,5,6,0.595492935,3.900189634,0,6.6938796,6.639099,6.021812
N1(Cc2nc3c4c(oc3c(=O)[nH]2)ccc(Br)c4)C(CC)CCN1,376.0534879,2.9207,5,2,74.16,7,3,0.734394496,3.738900886,0,6.0129533,6.1549406,5.9839993
N1(c2ccc(Nc3nc4n(-c5ccccc5)c5cnccc5c4cn3)cc2)CCNCC1,421.2014937,4.1219,7,2,70.9,9,4,0.454890794,2.489655012,0,5.7590613,5.9667645,6.587167
C1CC(C)CCC1n1c2nc(Nc3ccc(N4CCNCC4)cc3)ncc2c2ccncc12,441.264094,4.8839,7,2,70.9,9,4,0.470169011,2.703204311,0,6.322344,6.440549,6.054182
CC1CC(C)CC(c2ccncc2NC(=O)c2ccc(F)c(-c3cc(O)ccc3F)n2)C1,437.1914835,5.9194,4,2,75.11,6,4,0.531324933,3.440929634,0,7.2216325,7.488973,5.622802
c12c(CN3CCNCC3)c(OC)ccc1C(=O)C(=Cc1n[nH]c3ccccc13)O2,390.1691906,2.5929,6,2,79.48,8,4,0.666940359,2.807484288,0,6.1040583,5.9082303,6.5953813
n1cc2c3c(cccc3)n(C3CCCC3)c2nc1Nc1ncc(NCC2CNCC2)cc1,427.2484439,4.8596,7,3,79.69,10,6,0.407808774,3.161664813,0,6.4375124,6.697328,5.1367846
C1NCc2ccc(Nc3nc4n(C5CCC(C)CC5)c5cnccc5c4cn3)cc2C1,412.2375449,5.12,6,2,67.66,8,3,0.488804481,2.818772265,0,7.1993446,7.35385,6.735927
c1ccc(-c2nnc[nH]2)c2nc(Nc3c(Cl)cccc3)c3ccsc3c12,377.0501941,5.6316,5,2,66.49,7,3,0.427181794,2.856984135,0,5.4685163,5.5610175,5.828682
Clc1cccc(C=C2SC(=O)NC2=O)c1N1CC(N)CCC1,337.0651754,2.5914,5,2,75.43,7,2,0.811221447,3.139476304,0,5.4854097,5.512021,5.6754494
c1(Nc2ccc(N3CCNCC3)cc2)ncc2c(n1)n(-c1ccccc1)c1cnccc21,421.2014937,4.1219,7,2,70.9,9,4,0.454890794,2.489655012,0,7.5555296,7.5322194,6.035443
C1(O)C(C)CN(c2ccncc2NC(c2nc(-c3c(F)cccc3F)sc2)=O)CC1C,444.1431534,4.1887,6,2,78.35,8,4,0.631052959,3.44692942,0,6.4936004,6.9321756,5.3555665
c12c3cnc(Nc4ncc(N5CCNCC5)cc4)cc3n(-c3ccccc3)c1cncc2,421.2014937,4.1219,7,2,70.9,9,4,0.454890794,2.63644155,0,5.514021,5.6311197,5.279824
C1C(Nc2cccc3c2nc(-c2n4c(nn2)cccc4)cc3)C(F)CCNC1,376.1811729,3.4465,6,2,67.14,8,3,0.57330188,3.472924463,0,7.107433,7.2855096,6.8813877
c1(F)c(-c2c(F)ccc(C(=O)Nc3c(C4CC(C)CC(O)C4)ccnc3)n2)c(F)ccc1,441.1664116,5.0777,4,2,75.11,6,4,0.592350216,3.631197115,0,6.407056,6.697297,5.591278
c1(F)c(-c2c(F)cccc2F)nc(C(=O)Nc2cnccc2C2CC(O)CC(C)C2)cc1,441.1664116,5.0777,4,2,75.11,6,4,0.592350216,3.631197115,0,7.4384017,7.478704,5.9612064
C1N(c2cnc(Nc3nc4n(C5CCCC5)c5ccccc5c4cn3)cc2)CC(C)NC(C)C1,455.2797441,5.4149,7,2,70.9,9,4,0.42845797,3.518695599,0,6.5584316,6.5709696,7.4891877
C(F)(c1cccc(-n2nnc3cc(Cl)c(NCC4CCNCC4)nc23)c1)F,392.1327787,3.818,6,2,67.66,8,5,0.690568987,2.827781583,0,7.0617514,7.249188,5.544161
n1(-c2ccccc2)c2nc(Nc3ccc(N4CCNCC4)cn3)ccc2c2ccncc12,421.2014937,4.1219,7,2,70.9,9,4,0.454890794,2.619465589,0,5.8199444,5.8654623,6.039544
c1c(-c2cc3c([nH]cc3-c3cncc(NC4CCCC4)n3)cc2)c(F)ncc1,373.1702739,5.1805,4,2,66.49,6,4,0.483786318,2.60119457,0,6.774201,6.8517566,5.2243595
C1CNCCN1c1ccc(Nc2nc3n(C4CCCC4)c(=O)c(Br)cc3cn2)cc1,468.1273215,3.8223,7,2,75.08,9,4,0.605439762,2.598970886,0,7.3723016,7.5203085,5.794652
c1c2c(c(C=C3SC(=O)NC3=O)ccc2)nc(NCCC)c1C,327.1041478,3.68902,5,2,71.09,7,4,0.838136403,2.701320601,0,5.2157054,5.1586285,5.679953
n1(C2CCCC2)c(=O)c(Br)cc2cnc(Nc3ccc(N4CCNCC4)cc3)nc12,468.1273215,3.8223,7,2,75.08,9,4,0.605439762,2.598970886,0,7.4787726,7.622985,6.3799696
c1c(Nc2ncc3c(n2)n(C2CCCC2)c2ccccc32)ncc(N2CCNC(C)C2)c1,427.2484439,4.6363,7,2,70.9,9,4,0.494575557,3.177452344,0,6.256325,6.4068694,5.1994724
C1(O)C(C)CN(c2c(NC(=O)c3ccc(F)c(-c4c(F)cccc4)n3)cncc2)CC1(C)C,452.2023825,4.5173,5,2,78.35,7,4,0.60878436,3.524330843,0,7.2600665,7.3053675,6.1815047
c1cc2c3c(n(C4CCCC4)c2cc1)nc(Nc1cnc(N2CCNCC2)c(C)c1)nc3,427.2484439,4.55622,7,2,70.9,9,4,0.497677647,2.689922714,0,5.3988194,5.3916097,5.8037944
N1(c2cnc(Nc3nc4c(cn3)c3c(cccc3)n4C3CCCCC3)cc2)CCNCC1,427.2484439,4.6379,7,2,70.9,9,4,0.494511163,2.642284339,0,6.216049,6.2551517,5.3101587
N1C(=O)c2c(c(CN3CCNCC3)c(OC)c2)nc2cccc(Br)c12,402.0691379,2.2042,5,2,70.25,7,3,0.702029045,2.750649313,0,5.733634,5.708504,5.4879656
c1ccc2c(nc(-c3n4c(nn3)ccc(C3CC3)c4)cc2)c1NC1CCC(O)CC1,399.2059104,4.5373,6,2,75.34,8,4,0.527016619,2.717701655,0,7.117438,7.1180797,6.664104
c1(NC(=O)c2nc(-c3c(F)cccc3F)c(F)cc2)cnccc1C1CC(C)CC(O)C1,441.1664116,5.0777,4,2,75.11,6,4,0.592350216,3.631197115,0,8.136246,8.35427,6.846043
n1c(C)sc2c(C=C3C(=O)c4ccc(OC)c(CN5CCNCC5)c4O3)c[nH]c12,410.1412616,2.96282,7,2,79.48,9,4,0.644078659,3.105370965,0,7.649041,7.739557,6.3820796
S1C(=Cc2c(N3CCCC(N)C3)c(-c3ccncc3)ccc2)C(=O)N1,352.1357823,2.795,5,2,71.25,7,3,0.656483719,3.403809734,0,6.1412644,6.1882644,5.258595
N(c1ccc(N2CCNCC2)cn1)c1nc2c(c3ccccc3n2C2CCCC2)cn1,413.2327939,4.2478,7,2,70.9,9,4,0.521271601,2.632552339,0,6.857058,6.9720917,5.8876586
C1N(c2ccc(Nc3nc4n(C5CCSC5)c5cnccc5c4cn3)cc2)CCNC1,431.1892148,3.8107,8,2,70.9,10,4,0.509085421,3.301613226,0,7.8244514,7.707629,6.896903
c1(Nc2ccc(N3CCNCC3)cn2)ccc2c3ccncc3n(C3CCCC3)c2n1,413.2327939,4.2478,7,2,70.9,9,4,0.521271601,2.749263505,0,6.2778783,6.22786,4.8836784
c1(N2CCNCC2)cnc(Nc2nc3c(c4c(cccc4)n3C3CCCC3)cn2)cc1,413.2327939,4.2478,7,2,70.9,9,4,0.521271601,2.632552339,0,6.380992,6.377751,5.2466416
c1c2nnc(-c3nc4c(NC5CCNC5)cccc4cc3)n2ccc1,330.1592946,2.7183,6,2,67.14,8,3,0.604478694,2.988442922,0,5.707977,5.62862,6.010774
c1(NCCN)nc2n(n1)cccc2-c1cccc(OC(F)(F)F)c1,337.1150447,2.6655,6,2,77.47,8,5,0.748393567,2.550964026,0,5.3405876,5.3802824,5.375994
c12nc(Nc3ccc(N4CCNCC4)cc3)ncc1c1ccncc1n2C1CCCC1,413.2327939,4.2478,7,2,70.9,9,4,0.521271601,2.61526549,0,5.8671145,6.047147,6.2205825
C1CCC(n2c3nc(Nc4ccc(N5CCNCC5)cc4)ncc3c3ccncc23)CC1,427.2484439,4.6379,7,2,70.9,9,4,0.494511163,2.625537704,0,5.43971,5.4000382,5.843144
C1CCCC1n1c(C(=O)N(C)C)cc2cnc(Nc3ccc(N4CCNCC4)cc3)nc21,433.2590086,3.4014,7,2,78.32,9,5,0.642180617,2.637672909,0,6.772309,6.8184166,6.7173386
[nH]1c2ccc(-c3c(F)cccn3)cc2c(-c2nc(OC3C4(CC4)CCNC3)cnc2)c1,415.1808385,4.3469,5,2,75.72,7,4,0.518406387,3.921836473,0,7.6160913,7.6047406,6.5317
C1N(c2ccc(Nc3ncc4c5ccncc5n(C5CCCC5)c4n3)cc2)CCNC1,413.2327939,4.2478,7,2,70.9,9,4,0.521271601,2.61526549,0,7.08693,7.010091,6.245899
c12sccc1c(Nc1ccccc1Cl)nc1c(-c3[nH]cnn3)cccc21,377.0501941,5.6316,5,2,66.49,7,3,0.427181794,2.856984135,0,5.36705,5.391459,5.8681335
c1nc(Nc2ccc(N3CCNCC3)cc2)nc2c1c1ccncc1n2-c1ccccc1,421.2014937,4.1219,7,2,70.9,9,4,0.454890794,2.489655012,0,7.601163,7.553336,5.723603
C1CCCC1n1c2c(c3c1nc(Nc1ccc(N4CCNCC4)cn1)nc3)cccc2,413.2327939,4.2478,7,2,70.9,9,4,0.521271601,2.632552339,0,5.7529435,5.700114,5.6656337
c1cc2c3c(c(Nc4ccccc4Cl)nc2c(-c2nnc[nH]2)cc1)sc3,377.0501941,5.6316,5,2,66.49,7,3,0.427181794,2.907474045,0,5.6361337,5.801628,5.138291
C1c2c(cc(Nc3ncc4c5c(cncc5)n(C5CCC(C)CC5)c4c3)nc2)C(O)C1,413.2215605,5.4539,6,2,75.86,8,3,0.466764717,3.443306859,0,7.380861,7.590244,7.3167286
C1(n2c3ccccc3c3cnc(Nc4ncc(NCC5CCNC5)cc4)nc32)CCCC1,427.2484439,4.8596,7,3,79.69,10,6,0.407808774,3.161664813,0,5.8097515,5.8788934,6.7575183
c1cc(C(=O)Nc2cnccc2C2CC(C)CC(O)C2)nc(-c2c(F)cccc2F)c1,423.1758334,4.9386,4,2,75.11,6,4,0.623436954,3.554257398,0,8.612396,8.68077,7.4843664
N(C(c1nc(-c2c(F)cccc2F)c(F)cc1)=O)c1cnccc1C1=CC(O)CC(C)C1,439.1507615,4.9874,4,2,75.11,6,4,0.600873164,3.59702348,0,7.6519284,7.5354767,7.5793033
c1(Nc2c3c(c4cccc(-c5[nH]cnn5)c4n2)cncc3)cc(F)ccc1,356.1185726,4.4508,5,2,79.38,7,3,0.466953277,2.799919039,0,6.4049983,6.4012823,6.072514
c12cnn(-c3cccc(N(C)C)c3)c1nc(NC1C(N)CCCC1)cc2C,364.2375449,3.47672,6,2,72,8,4,0.741519283,3.319383963,0,5.296426,5.2677164,5.509873
c1c2nc(-c3nnc4ccccn34)ccc2ccc1NC1CCNCC1,344.1749446,3.1084,6,2,67.14,8,3,0.59768523,2.521097537,0,5.7012053,5.8372145,5.445985
c1c(C2=CC(O)CC(C)C2)c(NC(=O)c2ccc(F)c(-c3c(F)cccc3F)n2)cnc1,439.1507615,4.9874,4,2,75.11,6,4,0.600873164,3.59702348,0,7.371071,7.7275257,6.2777333
n1c(Nc2ccc(NCC3CNCC3)cc2)nc2n(C3CCCC3)c3c(c2c1)ccnc3,427.2484439,4.8596,7,3,79.69,10,6,0.407808774,3.153864813,0,6.2688165,6.3498106,5.407373
c1(Nc2c3c(scc3)c3c(c(-c4nnc[nH]4)ccc3)n2)cccc(C#C)c1,367.0891664,4.9595,5,2,66.49,7,3,0.442419722,3.072338654,0,6.7173514,6.53928,5.7640667
c1(Nc2ccc(N3CCNCC3)cc2)nc2c(cn1)c1c(cncc1)n2C(CC)C,401.2327939,4.1037,7,2,70.9,9,5,0.524564262,3.101162069,0,7.4797807,7.544013,5.660515
C1CC2(C(Oc3cncc(-c4c5c([nH]n4)ccc(-c4ccccc4)c5)n3)CNCC2)C1,411.2059104,4.5979,5,2,75.72,7,4,0.513368496,3.768117538,0,6.473126,6.663396,6.1186714
c1c(Nc2ncc3c(n(C4CCCC4)c4cnccc34)n2)ccc(N2CCNCC2)c1,413.2327939,4.2478,7,2,70.9,9,4,0.521271601,2.61526549,0,6.4311757,6.451802,6.4009895
c1(Nc2c3c(c4c(n2)c(-c2[nH]cnn2)ccc4)scc3)ccccc1,343.0891664,4.9782,5,2,66.49,7,3,0.484808711,2.779642005,0,6.1753583,6.1797976,6.285278
C1(=O)NC(=O)SC1=Cc1cccc(-c2cc(O)ccc2)c1Br,374.9564763,4.1456,4,2,66.4,6,2,0.773396799,2.547965045,0,5.678578,5.798762,4.6040573
C(=C1C(=O)c2ccc(OC)c(CN3CCNCC3)c2O1)c1c2c(cccc2)[nH]c1,389.1739416,3.1979,5,2,66.59,7,4,0.671102288,2.630041754,0,6.0308948,6.113161,5.7505016
C1NCCN(c2ccc(Nc3ncc4c5ccncc5n(C5CCCC5)c4n3)cc2)C1,413.2327939,4.2478,7,2,70.9,9,4,0.521271601,2.61526549,0,7.021714,7.0489645,6.130111
C1N(c2ccc(Nc3nc4n(C5CCCCC5)c5c(cccc5)c4cn3)nc2)CCNC1,427.2484439,4.6379,7,2,70.9,9,4,0.494511163,2.642284339,0,6.3815384,6.237005,6.620168
OC1CCC(c2ccncc2NC(c2nc(-c3c(F)c(F)ccc3)c(F)cc2)=O)C1,413.1351115,4.4416,4,2,75.11,6,4,0.663155691,3.320947625,0,6.900987,7.0600767,7.3439484
c1cc(Nc2ncc3c4ccncc4n(C4CCC(C)CC4)c3n2)ccc1N1CCNCC1,441.264094,4.8839,7,2,70.9,9,4,0.470169011,2.703204311,0,6.5296617,6.4001613,5.8824973
C1CNCC(CNc2nc3c(nnn3-c3cc(OC(F)(F)F)ccc3)cc2)C1,392.1572439,3.1256,7,2,76.89,9,5,0.694884504,3.116368735,0,5.7866073,5.947254,5.8179846
c12c(c3c(nc(Nc4ncc(N5CCNCC5)cc4)nc3)n1C1CCCC1)cccc2,413.2327939,4.2478,7,2,70.9,9,4,0.521271601,2.632552339,0,6.883765,6.9402204,7.180011
c1(Cl)cc(Nc2nc3c(c4ccncc4n3C3CCCC3)cn2)ccc1CCN1CCNCC1,475.2251216,4.9393,7,2,70.9,9,6,0.411341009,2.781757178,0,7.168225,7.270669,6.944562
c12c3c(ccs3)c(Nc3ccccc3Cl)nc1c(-c1nnc[nH]1)ccc2,377.0501941,5.6316,5,2,66.49,7,3,0.427181794,2.856984135,0,5.6117024,5.787817,3.6729026
c1(Nc2c3ccsc3c3cccc(-c4[nH]cnn4)c3n2)cnccc1,344.0844154,4.3732,6,2,79.38,8,3,0.507823935,2.966131236,0,5.954204,5.9283175,5.982815
c1(Nc2ccc(N3CCNCC3)cc2)nc2n(C3CCC(C)CC3)c3cnccc3c2cn1,441.264094,4.8839,7,2,70.9,9,4,0.470169011,2.703204311,0,6.5133114,6.5627604,5.397926
c1c(F)c(-c2c(F)cccc2F)nc(C(Nc2cnccc2C2CC(C)CC(O)C2)=O)c1,441.1664116,5.0777,4,2,75.11,6,4,0.592350216,3.631197115,0,7.5741506,7.648543,6.95907
N(C1CCNCC1)c1cccc2c1nc(-c1n3c(nn1)cccc3)cc2,344.1749446,3.1084,6,2,67.14,8,3,0.59768523,2.550289844,0,5.615762,5.695418,6.349791
c12c(c(-c3[nH]cnn3)ccc1)nc(Nc1cccc(OC)c1Cl)c1c2scc1,407.0607587,5.6402,6,2,75.72,8,4,0.40285652,2.998779777,0,5.7728977,5.7241554,6.499462
[nH]1nc(-c2cncc(OC3C4(CC4)CCNC3)n2)c2cc(-c3c(F)cccc3)ccc12,415.1808385,4.3469,5,2,75.72,7,4,0.518406387,3.834811113,0,7.689915,7.6936307,6.57368
c1(F)ccc(C(=O)Nc2c(C3=CC(O)CC(C)C3)ccnc2)nc1-c1c(F)cccc1F,439.1507615,4.9874,4,2,75.11,6,4,0.600873164,3.59702348,0,6.399015,6.458087,6.765594
c1cc(Nc2ncc3c4ccncc4n(C4CCCC4)c3n2)ccc1N1CCNCC1,413.2327939,4.2478,7,2,70.9,9,4,0.521271601,2.61526549,0,6.550431,6.4893637,6.6347103
c1c(-c2[nH]cnn2)c2nc(Nc3c(Cl)cccc3)c3ccsc3c2cc1,377.0501941,5.6316,5,2,66.49,7,3,0.427181794,2.856984135,0,5.5392737,5.6647987,5.333399
Clc1c(Nc2c3c(c4cccc(-c5[nH]cnn5)c4n2)scc3)c(F)ccc1,395.0407723,5.7707,5,2,66.49,7,3,0.406619206,3.004367052,0,8.50687,8.463487,7.1537404
c1(OC(F)(F)F)cccc(-n2c3c(ccc(NCC4CCNCC4)n3)nn2)c1,392.1572439,3.1256,7,2,76.89,9,5,0.694884504,2.666865664,0,5.5536027,5.5140543,4.1977525
c1[nH]c2c(cc(-c3ncccc3F)cc2)c1-c1cncc(OC2C3(CC3)CCNC2)n1,415.1808385,4.3469,5,2,75.72,7,4,0.518406387,3.921836473,0,7.4293404,7.540638,6.829741
c1(-c2ccc3[nH]nc(-c4cncc(OC5C6(CC6)CCNC5)n4)c3c2)c(F)cccc1F,433.1714167,4.486,5,2,75.72,7,4,0.496192986,3.943004609,0,8.205933,8.354136,8.114311
c1cccc(-c2cc3n(c2)C(CC(=O)NC(CN2CCN(C)CC2)C2CCCCC2)CNC3=O)c1,477.3103755,3.1422,5,2,69.61,7,7,0.642948918,3.652634443,0,6.341386,6.3100777,5.4439125
n1cc2c(c3c1nc(Nc1ncc(N4CCC(NC)CC4)cc1)nc2)cccc3,385.2014937,3.3501,7,2,77.8,9,3,0.72295318,3.87848004,0,6.1216893,6.22521,5.5969152
C1(n2c3c(cnc(Nc4ccc(N5CCNCC5)cc4)n3)c3c2cccc3)CCOC1,414.2168095,3.6991,7,2,67.24,9,4,0.530850142,3.026445484,0,5.672297,5.673016,5.2481456
c1cccc(F)c1-c1cc2c(-c3nc(OC4C5(CCNC4)CC5)cnc3)n[nH]c2cc1,415.1808385,4.3469,5,2,75.72,7,4,0.518406387,3.834811113,0,6.8199096,6.8873568,6.705052
c1cccc2c1c1c(n2C2CCCC2)nc(Nc2ncc(NCC3CCNC3)cc2)nc1,427.2484439,4.8596,7,3,79.69,10,6,0.407808774,3.161664813,0,7.425648,7.592681,6.5294104
c1(-c2c3nc(NCCN)ccn3nc2)cc2ccsc2cc1,309.1048165,2.9816,6,2,68.24,8,4,0.607932361,2.658306316,0,5.394535,5.3970175,6.149878
c1c(Cl)c(Nc2nc3c(cccc3-c3nnc[nH]3)c3sccc23)c(F)cc1,395.0407723,5.7707,5,2,66.49,7,3,0.406619206,3.004367052,0,6.4979486,6.6536684,5.108936
C1(C)CN(c2ccncc2NC(=O)c2ccc(F)c(-c3c(F)cccc3F)n2)CC(C)C1O,456.1773106,4.2663,5,2,78.35,7,4,0.613340649,3.459485692,0,8.275293,8.530082,6.7576027
c1nc(Nc2ccccc2)ncc1-c1cc(C(=O)NC(C)C)ccc1F,350.1542894,4.1645,4,2,66.91,6,5,0.724852082,2.052813273,0,6.1559343,6.3399262,6.0395103
c1cc(Nc2nc3c(c4c(cncc4)n3C3CCCC3)cn2)cc(C)c1N1CCC(O)CC1,442.2481096,5.10772,7,2,79.1,9,4,0.457353336,2.712025502,0,6.9591312,6.9007354,6.0760555
c1(-c2c3c(ccc(-c4ccc(O)cc4)c3)[nH]n2)ccc(OCCN2CCCC2)cc1F,417.1852552,5.2162,4,2,61.38,6,6,0.451770847,2.335527372,0,6.1114736,6.2619314,5.271222
n1cc2c(n(C3CCCC3)c3ccccc23)nc1Nc1ncc(N2CCC(CCO)CC2)cc1,456.2637596,5.437,7,2,79.1,9,6,0.402363127,2.699597391,0,6.4507537,6.431866,5.4989963
c1c(Cl)c(Nc2c3ccsc3c3c(c(-c4[nH]cnn4)ccc3)n2)cc(F)c1,395.0407723,5.7707,5,2,66.49,7,3,0.406619206,2.936252739,0,6.588644,6.6006513,6.33022
c1(-c2cncc(OC3CNCCC34CC4)n2)n[nH]c2c1cc(-c1c(F)cccc1F)cc2,433.1714167,4.486,5,2,75.72,7,4,0.496192986,3.943004609,0,7.3029585,6.899421,7.0597835
c1(F)c(-c2nc(C(=O)Nc3c(C4CC(O)CC(C)C4)ccnc3)ccc2F)c(F)ccc1,441.1664116,5.0777,4,2,75.11,6,4,0.592350216,3.631197115,0,6.108767,6.301663,6.2083225
C1CN(c2ccc(Nc3ncc4c5c(cccc5)n(C5CCCC5)c4n3)cc2)CCC1N,426.253195,5.3707,6,2,72,8,4,0.458915734,2.489039799,0,7.8923407,8.009769,6.8692465
c1(-c2n3c(nn2)cccc3)ccc2c(c(NC3CCNC3)ccc2)n1,330.1592946,2.7183,6,2,67.14,8,3,0.604478694,2.988442922,0,6.7764,6.9389324,5.398539
C1(O)C(C)CC(c2ccncc2NC(=O)c2nc(-c3cc(CCCC)ccc3F)ccc2)C1,447.2322054,5.752,4,2,75.11,6,7,0.483414111,3.549328529,0,6.9003224,6.997378,6.7125883
C(c1c(C)nc2c(c(-c3[nH]c4c(c3)C(=O)NCC4)ccc2)n1)CCCC,348.1950114,3.95192,3,2,70.67,5,5,0.685901425,2.807863951,0,6.3611126,6.4620433,5.8782134
n1(C2CCCCC2)c2cnccc2c2cnc(Nc3ccc(N4CCNCC4)cc3)nc12,427.2484439,4.6379,7,2,70.9,9,4,0.494511163,2.625537704,0,7.8222,7.9267197,6.189921
c12c(-c3[nH]cnn3)cccc1c1sccc1c(Nc1c(Cl)cccc1)n2,377.0501941,5.6316,5,2,66.49,7,3,0.427181794,2.856984135,0,6.028764,5.830678,5.771655
c1(Cl)cc(-c2c3n(ccc(NCCN)n3)nc2)c(Cl)cc1,321.0548008,3.0737,5,2,68.24,7,4,0.774480682,2.536001313,0,6.137097,6.3249216,6.069692
c1(-c2c(F)cc(O)cc2F)sc(Nc2nc(-c3cnn4ccccc43)ccn2)cc1,421.0808875,5.2472,7,2,75.34,9,4,0.414722028,2.97301833,0,6.5657206,6.68112,5.3492336
N1C(C)CN(c2cnc(Nc3nc4c(c5c(cccc5)n4C4CCCCC4)cn3)cc2)CC1,441.264094,5.0264,7,2,70.9,9,4,0.463045496,3.184874415,0,5.981385,6.1484375,6.4181957
c1c(Nc2ncc3c(n(C4CCC(C)CC4)c4cnccc34)n2)ccc(N2CCNCC2)c1,441.264094,4.8839,7,2,70.9,9,4,0.470169011,2.703204311,0,6.8799586,7.0468974,6.128154
c1c2c(nc(Nc3ccc(N4CCNCC4)cn3)c1)n(C1CCSC1)c1cnccc12,431.1892148,3.8107,8,2,70.9,10,4,0.509085421,3.435611241,0,6.369416,6.484963,5.8746104
C1NCCN(c2cnc(Nc3ccc4c5c(c(F)ncc5)n(C5CCCC5)c4n3)cc2)C1,431.2233721,4.3869,7,2,70.9,9,4,0.467306801,2.888938585,0,6.76054,6.8461175,7.1149564
n1c(-c2c3nc(Nc4ccccc4)c4c(c3ccc2)scc4)[nH]cn1,343.0891664,4.9782,5,2,66.49,7,3,0.484808711,2.779642005,0,5.1645083,5.193088,5.2144494
c1(Cl)cccc(C=C2SC(=O)NC2=O)c1N1CC(N)CCC1,337.0651754,2.5914,5,2,75.43,7,2,0.811221447,3.139476304,0,5.202296,5.180642,5.4671717
N1(c2ccc(Nc3ncc4c5ccncc5n(C5CCCC5)c4n3)cc2)CCNCC1,413.2327939,4.2478,7,2,70.9,9,4,0.521271601,2.61526549,0,6.6277103,6.605638,6.148374
N1CCN(c2ccc(Nc3ncc4c(n(C5CCCCC5)c5cnccc45)c3)nc2)CC1,427.2484439,4.6379,7,2,70.9,9,4,0.494511163,2.801871358,0,6.2657595,6.207224,6.76609
C1CN(c2ccc(Nc3ncc4c(n3)n(C3CCCC3)c(C(=O)N(C)C)c4)cc2)CCN1,433.2590086,3.4014,7,2,78.32,9,5,0.642180617,2.637672909,0,5.9061565,5.8899775,5.7166123
n1n(-c2cc(N(C)C)ccc2)c2nc(NCC3CCNCC3)ccc2n1,351.2171438,2.293,7,2,70.9,9,5,0.734926786,2.62298617,0,7.185872,7.1689715,5.8797035
c1(OC2C3(CC3)CCNC2)cncc(-c2c3c([nH]n2)ccc(-c2c(F)cccc2F)c3)n1,433.1714167,4.486,5,2,75.72,7,4,0.496192986,3.943004609,0,6.9730344,7.081008,6.5663853
c1(-c2nc(C(Nc3c(C4CC(C)CC(O)C4)ccnc3)=O)ccc2F)c(F)c(C)ccc1F,455.1820617,5.38612,4,2,75.11,6,4,0.55351279,3.744591,0,6.116363,6.2982383,6.096509
c1(OC2C3(CC3)CCNC2)nc(-c2c3c([nH]n2)ccc(-c2c(F)cccc2F)c3)cnc1,433.1714167,4.486,5,2,75.72,7,4,0.496192986,3.943004609,0,7.0712266,7.0905905,6.8339953
[nH]1c(-c2c3c(ccc2)c2sccc2c(Nc2cccc(OC)c2Cl)n3)nnc1,407.0607587,5.6402,6,2,75.72,8,4,0.40285652,2.998779777,0,5.3788953,5.366905,5.7786827
c1(-c2[nH]cnn2)cccc2c3sccc3c(Nc3cc(F)ccc3C)nc21,375.0953947,5.42572,5,2,66.49,7,3,0.441459582,2.911029954,0,5.684543,5.719443,5.613149
c1cc(Cl)c(Nc2c3c(scc3)c3c(c(-c4[nH]cnn4)ccc3)n2)cc1,377.0501941,5.6316,5,2,66.49,7,3,0.427181794,2.856984135,0,7.218809,7.2046585,6.781264
c12c(Nc3ccccc3F)nc3c(cccc3-c3[nH]cnn3)c1scc2,361.0797446,5.1173,5,2,66.49,7,3,0.468141963,2.861497621,0,6.1505184,6.0823345,5.2344394
c1(F)cccc(F)c1-c1cc2c(-c3cncc(NC4CCCNC4)n3)n[nH]c2cc1,406.1717511,4.129,5,3,78.52,8,4,0.4750346,3.200146334,0,6.469771,6.2184167,5.7556634
c1(-c2ccc3c(c(-c4nnc[nH]4)ccc3)c2)c(N2CC(N)CCC2)c(Cl)ccc1,403.1563734,4.8728,4,2,70.83,6,3,0.511420517,3.256009259,0,5.2224393,5.298195,4.5117106
Fc1cccc(F)c1-c1ccc2[nH]nc(-c3nc(NC4CCCNC4)cnc3)c2c1,406.1717511,4.129,5,3,78.52,8,4,0.4750346,3.200146334,0,5.111114,5.165612,5.1048326
n1c(Nc2ccc(N3CCNCC3)cc2)nc2c(c1)c1c(n2C2CCCC2)cncc1,413.2327939,4.2478,7,2,70.9,9,4,0.521271601,2.61526549,0,7.7900534,7.854735,6.386078
c1ccc2c(c1)c1cnc(Nc3ccc(N4CCNCC4)cn3)nc1n2C1CCC(C)CC1,441.264094,4.8839,7,2,70.9,9,4,0.470169011,2.719609177,0,5.297094,5.375598,5.7092037
C1CCCCC1Nc1[nH]c(=O)c2c(c3cc(Br)ccc3o2)n1,361.0425889,4.1764,4,2,70.92,6,2,0.717674621,2.634964463,0,6.1898403,6.373804,5.6062555
Clc1c(Nc2nc3c(cccc3-c3[nH]cnn3)c3c2ccs3)cc(F)cc1,395.0407723,5.7707,5,2,66.49,7,3,0.406619206,2.936252739,0,6.970656,7.2204165,6.63204
C1CN(CCO)CCN1c1c(C=C2C(=O)NC(=O)S2)cccc1-c1ccccc1,409.1460126,2.7918,6,2,72.88,8,5,0.74021992,2.505628108,0,6.4860926,6.3740897,5.530045
c1cc(Nc2nc3c(c4c(n3C3CCCC3)cncc4)cn2)ccc1N1CCNCC1,413.2327939,4.2478,7,2,70.9,9,4,0.521271601,2.61526549,0,6.658791,6.8937244,6.427904
c1c2c(c(C=C3C(=O)c4c(c(CN5CCNCC5)c(OC)cc4)O3)c[nH]2)ccc1,389.1739416,3.1979,5,2,66.59,7,4,0.671102288,2.630041754,0,5.926169,5.7383213,5.7630033
n1(-c2ccccc2)c2nc(Nc3ncc(N4CCNCC4)cc3)ncc2c2ccccc12,421.2014937,4.1219,7,2,70.9,9,4,0.454890794,2.495698281,0,6.3888865,6.4452224,5.763254
c1c2c(c3cnc(Nc4ccc(N5CCNCC5)cc4)nc3n2C2CCC(C)(C)CC2)ccn1,455.2797441,5.274,7,2,70.9,9,4,0.436608392,2.834137246,0,6.134541,6.0802646,5.7523875
c1(Nc2c3c(scc3)c3cccc(-c4[nH]cnn4)c3n2)c(Cl)cccc1,377.0501941,5.6316,5,2,66.49,7,3,0.427181794,2.856984135,0,6.912869,7.1119184,6.6361055
c1c(Nc2ncc3c4c(cncc4)n(C4CCCC4)c3n2)ccc(N2CCNCC2)c1,413.2327939,4.2478,7,2,70.9,9,4,0.521271601,2.61526549,0,6.078036,5.8708153,6.7249885
C12(CCNCC1Oc1cncc(-c3c4c([nH]n3)ccc(-c3c(F)cccc3F)c4)n1)CC2,433.1714167,4.486,5,2,75.72,7,4,0.496192986,3.943004609,0,6.3724585,6.389175,4.934128
c1(-c2ccccc2F)cc(C(Nc2c(C3CC(N)CC(C)C3)ccnc2)=O)ccc1F,421.1965689,5.51,3,2,68.01,5,4,0.583658003,3.377508097,0,7.349083,7.424618,6.1598244
c12n(C3CCCC3)c3nc(Nc4ccc(N5CCNCC5)cn4)ncc3c1cccc2,413.2327939,4.2478,7,2,70.9,9,4,0.521271601,2.632552339,0,5.25755,5.2731175,5.619712
c1(C(NCCN2CCCCC2)=O)cc(-c2oc(C=C3c4c(ccc(Cl)c4)NC3=O)cc2)c(F)cc1,493.1568476,5.4475,4,2,74.58,6,6,0.447844949,2.53822404,0,6.5097733,6.504618,5.1744037
c1c2c(C=C3Oc4c(ccc(OC)c4CN4CCNCC4)C3=O)c[nH]c2ccc1,389.1739416,3.1979,5,2,66.59,7,4,0.671102288,2.630041754,0,5.9179163,5.92875,5.52236
C(N1CCNCC1)(=O)c1cc(-c2oc(C=C3C(=O)Nc4ccc(Cl)cc43)cc2)ccc1,433.1193192,4.1381,4,2,74.58,6,3,0.608684319,2.487942165,0,5.0717473,5.129401,5.729994
Clc1c(Nc2c3c(c4c(c(-c5nnc[nH]5)ccc4)n2)scc3)cccc1,377.0501941,5.6316,5,2,66.49,7,3,0.427181794,2.856984135,0,6.748227,6.8711467,6.3717637
c12cc(F)ccc1c(C=C1Oc3c(CN4CCNCC4)c(OCC)ccc3C1=O)n[nH]2,422.1754188,3.1221,6,2,79.48,8,5,0.615397003,2.924179088,0,6.07701,5.950615,6.208821
C(c1[nH]c(-c2ccc(N3CCNCC3)cc2)c2cc(-c3cc(O)ccc3)ccc12)=O,397.179027,4.4296,4,3,68.36,7,4,0.445796524,2.621219138,0,7.182627,6.992689,5.327414
n1c(Nc2cc(C)c(N3CCNCC3)cc2)ncc2c1n(C1CCCC1)c1cnccc12,427.2484439,4.55622,7,2,70.9,9,4,0.497677647,2.707830892,0,6.284684,6.3283844,5.5178204
c1c(-c2c(F)ccc(O)c2)cc2c([nH]cc2-c2nc(NC3CCCC3)cncC2)c1,402.1855896,5.2743,4,3,72.77,7,4,0.555886857,3.226305501,0,6.715864,6.832639,6.152001
O=C(NC(C)C)c1cccc(-c2oc(C=C3C(=O)Nc4ccc(Cl)cc43)cc2)c1,406.1084201,5.2309,3,2,71.34,5,4,0.582476717,2.335657604,0,7.12927,7.195889,6.8109717
O=C1NC(=O)SC1=Cc1c(N2CC(N)CCC2)c(Cl)ccc1,337.0651754,2.5914,5,2,75.43,7,2,0.811221447,3.139476304,0,4.965845,5.033467,4.021491
Fc1c(-c2ccc3c(c(-c4cncc(OC5C6(CC6)CCNC5)n4)n[nH]3)c2)ccc(F)c1,433.1714167,4.486,5,2,75.72,7,4,0.496192986,3.903994187,0,8.501502,8.481835,8.580216
c1cc(-c2ccc3c(c(-c4nc(NC5CCCC5)cnc4)c[nH]3)c2)nnc1,356.1749446,4.4364,5,2,79.38,7,4,0.565121016,2.624631945,0,5.374203,5.317737,5.982264
c12c3c(ccs3)c(Nc3ccccc3Cl)nc1c(-c1[nH]cnn1)ccc2,377.0501941,5.6316,5,2,66.49,7,3,0.427181794,2.856984135,0,6.069568,6.1616607,5.234976
c1cc2[nH]nc(-c3cncc(OC4C5(CC5)CCNC4)n3)c2cc1-c1c(F)cccc1,415.1808385,4.3469,5,2,75.72,7,4,0.518406387,3.834811113,0,7.197448,7.0331507,6.454619
n12ccc(NCC3CCNCC3)nc1nnc2-c1ccc2c(cccc2)c1,358.1905947,3.356,6,2,67.14,8,4,0.585517316,2.601392629,0,6.165683,6.259633,5.4470115
c12cc(F)ccc1c(C=C1C(=O)c3c(c(CN4CCNCC4)c(OCC)cc3)O1)c[nH]2,421.1801698,3.7271,5,2,66.59,7,5,0.614887193,2.764860627,0,5.7806063,5.774494,6.576615
N1CCN(c2ccc(Nc3nc4n(C5CCC5)c5ccccc5c4cn3)nc2)CC1,399.2171438,3.8577,7,2,70.9,9,4,0.543063135,2.62267507,0,6.533366,6.4866247,6.667695
n1cc(-c2n[nH]c3c2cc(-c2c(F)cccc2F)cc3)nc(OC2CNCCC23CC3)c1,433.1714167,4.486,5,2,75.72,7,4,0.496192986,3.943004609,0,5.6261606,5.7517014,5.755617
c1ccc(-c2cc3c([nH]nc3-c3cncc(OC4C5(CC5)CCNC4)n3)cc2)c(F)c1,415.1808385,4.3469,5,2,75.72,7,4,0.518406387,3.834811113,0,6.730107,6.8019323,6.5093784
c1(-n2c3nc(NCC4CCNCC4)ccc3nn2)ccc(OC(F)(F)F)cc1,392.1572439,3.1256,7,2,76.89,9,5,0.694884504,2.610971647,0,5.0091486,4.9905863,5.086388
c1c(-n2c3nc(NCC4CCNCC4)c(Cl)cc3nn2)cccc1OC(F)(F)F,426.1182715,3.779,7,2,76.89,9,5,0.646301935,2.778113485,0,5.7436976,6.053178,5.4823503
Fc1c(-c2ccc3c(c(-c4nc(OC5C6(CC6)CCNC5)cnc4)n[nH]3)c2)c(F)ccc1,433.1714167,4.486,5,2,75.72,7,4,0.496192986,3.943004609,0,7.846164,7.892929,7.447171
N1(Cc2c(OC)ccc3c2OC(=Cc2n[nH]c4ccccc42)C3=O)CCNCC1,390.1691906,2.5929,6,2,79.48,8,4,0.666940359,2.807484288,0,7.5694966,7.6637616,7.4349756
c12c3cccc(-c4nnc[nH]4)c3nc(Nc3ccccc3Cl)c1ccs2,377.0501941,5.6316,5,2,66.49,7,3,0.427181794,2.856984135,0,5.1253767,5.150672,4.8125687
c1ncc(OC2C3(CC3)CCNC2)nc1-c1c2c([nH]n1)ccc(-c1ccccc1)c2,397.1902604,4.2078,5,2,75.72,7,4,0.539560365,3.749998411,0,6.2218924,6.1972213,6.0577617
Clc1ccccc1Nc1nc2c(-c3[nH]cnn3)cccc2c2c1ccs2,377.0501941,5.6316,5,2,66.49,7,3,0.427181794,2.856984135,0,6.964722,6.8935885,6.2041354
[nH]1nc(-c2nc(NC3CNCC3)cnc2)c2c1ccc(-c1ccccc1)c2,356.1749446,3.4607,5,3,78.52,8,4,0.521854978,2.986398264,0,7.1240416,7.121646,4.9322863
N(c1ncc(N2CCC(NC)CC2)cc1)c1ncc2c3c(n(C4CCCC4)c2n1)cccc3,441.264094,5.0264,7,2,70.9,9,5,0.452824769,2.683948267,0,7.5119,7.506574,6.2960377
C1C(n2c3c(c4cnc(Nc5ncc(N6CCNCC6)cc5)nc42)cc(F)cc3)CCCC1,445.2390221,4.777,7,2,70.9,9,4,0.471269214,2.730855645,0,5.8945765,5.924564,5.41679
N1CCCC(CNc2ccc3nnn(-c4cc(OC(F)(F)F)ccc4)c3n2)C1,392.1572439,3.1256,7,2,76.89,9,5,0.694884504,3.116368735,0,4.931502,4.9821296,5.948629
C1N(c2ccc(Nc3nc4n(C5CCCC5)c5cnccc5c4cn3)cc2)CNCC1,413.2327939,4.5954,7,2,70.9,9,4,0.509699408,2.767698245,0,5.790164,5.815336,6.116495
C1N(c2ccc(Nc3ncc4c5ccccc5n(C5CCCCC5)c4n3)nc2)CCNC1,427.2484439,4.6379,7,2,70.9,9,4,0.494511163,2.642284339,0,6.774528,6.7830863,7.2730103
C1(O)CC(c2ccncc2NC(=O)c2nc(-c3ccc(Cl)cc3)c(F)cc2)CC(C)C1,439.1462829,5.4529,4,2,75.11,6,4,0.566169507,3.485821209,0,7.3760543,7.5600066,6.372949
C(N1CC(N)CC1)c1[nH]cc(C=C2C(=O)c3c2cc(Br)cc3)c1,371.0633243,3.0471,3,2,62.12,5,3,0.814578612,3.395228858,0,6.7940254,6.9254537,7.142482
c1c(Nc2ncc3c(n(C4CCCC4)c4cnccc34)n2)ccc(N2CCNCC2)c1,413.2327939,4.2478,7,2,70.9,9,4,0.521271601,2.61526549,0,6.4311757,6.451802,6.4009895
C1CCCC1n1c2c(c3cnc(Nc4ncc(N5CCNCC5)cc4)nc13)cccc2,413.2327939,4.2478,7,2,70.9,9,4,0.521271601,2.632552339,0,5.7933884,5.751851,6.435728
C1C(C)NCCN1c1cncc(-c2c3cc(-c4c(F)cccc4F)ccc3[nH]n2)n1,406.1717511,3.7632,5,2,69.73,7,3,0.54219765,3.224440764,0,6.074695,5.967149,4.8608885
c1c2c([nH]nc2-c2nc(OC3CNCCC34CC4)cnc2)ccc1-c1c(F)cccc1F,433.1714167,4.486,5,2,75.72,7,4,0.496192986,3.943004609,0,6.3622155,6.243436,5.1836286
C1N(c2ccc(Nc3ncc4c(n(C5CCCCC5)c5ccccc54)n3)nc2)CCNC1,427.2484439,4.6379,7,2,70.9,9,4,0.494511163,2.642284339,0,6.511718,6.4196215,7.0220156
c12c(ccc(-c3cnn4ccc(NCCN)nc34)c1)cccc2,303.1483955,2.9201,5,2,68.24,7,4,0.608053163,2.350785701,0,5.878274,5.8642483,5.8736405
n1c(Nc2ccc(N3CCNCC3)cc2)ncc2c3c(cncc3)n(C(C)(C)C)c12,401.2327939,3.8877,7,2,70.9,9,3,0.542763783,2.7217552,0,6.2142763,6.390631,5.245275
c1(Nc2ncc3c4c(cncc4)n(C4CCSC4)c3c2)ccc(N2CC(C)NCC2)cn1,445.2048649,4.1992,8,2,70.9,10,4,0.487799004,3.846400403,0,6.9970055,7.1386604,6.11383
C1CCC(n2c3c(c4c2nc(Nc2ncc(N5CCNCC5)cc2)nc4)cccc3)C1,413.2327939,4.2478,7,2,70.9,9,4,0.521271601,2.632552339,0,6.0107293,6.111545,5.603095
c1(F)cccc(F)c1-c1cc2c(-c3nc(NC4CNCC4)cnc3)c[nH]c2cc1,391.160852,4.3439,4,3,65.63,7,4,0.484116393,3.132952789,0,6.278691,6.4861555,5.511032
c1cccc(Cl)c1Nc1nc2c(-c3[nH]cnn3)cccc2c2cnccc12,372.0890221,4.9651,5,2,79.38,7,3,0.437176391,2.784750577,0,6.132298,6.149086,5.95992
n1ccc(-c2cc3c(-c4nc(NC5CCNC5)cnc4)c[nH]c3cc2)s1,362.1313656,3.5222,6,3,78.52,9,4,0.517631428,3.471503566,0,6.474951,6.526451,6.5530334
N1(c2cnc(Nc3nc4n(C5CCCCCC5)c5c(cccc5)c4cn3)cc2)CCNCC1,441.264094,5.028,7,2,70.9,9,4,0.433082595,2.653534752,0,6.32936,6.0738697,6.6880527
C1C(Nc2c3nc(-c4n5ccccc5nn4)ccc3ccc2)(F)CCNC1,362.1655228,3.4056,6,2,67.14,8,3,0.546905843,3.01569577,0,6.3959904,6.3760877,6.9531817
C1(C)C(O)C(C)CC(c2ccncc2NC(=O)c2ccc(F)c(-c3c(F)cccc3F)n2)C1,455.1820617,5.3237,4,2,75.11,6,4,0.558174794,3.52680208,0,7.11092,7.2796702,7.29795
C1C(n2c3c(cnc(Nc4ccc(N5CCNCC5)cc4)n3)c3c2cncc3)ccc(F)c1,441.207722,4.4871,7,2,70.9,9,4,0.486437353,3.487234854,0,6.891037,6.828219,6.1583095
C1CC(O)C(C)CC(c2ccncc2NC(c2nc(-c3c(F)cccc3)ccc2)=O)C1,419.2009053,5.1896,4,2,75.11,6,4,0.570890603,3.409050208,0,7.2834334,7.401362,6.812558
s1c2c3cccc(C(=O)N)c3nc(Nc3cccc(OC)c3Cl)c2cc1,383.0495254,4.954,5,2,77.24,7,4,0.522095556,2.499160882,0,5.3747864,5.4094534,5.1967535
c1(C=C2SC(=O)NC2=O)cccc(-c2ccccc2)c1N1CC(N)CCC1,379.1354479,3.605,5,2,75.43,7,3,0.797134944,2.997102997,0,5.2446218,5.158082,5.563337
C(C1CCCC1)NC(c1ccc(F)c(-c2cc(O)ccc2F)n1)=O,332.1336343,3.6524,3,2,62.22,5,4,0.89818204,2.295455655,0,6.899444,6.987083,7.589601
C1CNCCN(C(=O)c2cccc(-c3oc(C=C4C(=O)Nc5ccc(Cl)cc54)cc3)c2)C1,447.1349692,4.5282,4,2,74.58,6,3,0.578399986,2.512255043,0,6.813396,6.9295025,6.0680737
C1(n2ccc3c2nc(Nc2ccc(N4CCNCC4)cn2)nc3)CCCC1,363.2171438,3.0946,7,2,70.9,9,4,0.74222553,2.682250748,0,5.6566067,5.6778493,5.15984
Clc1ccc(Nc2nc3c(cccc3C(N)=O)c3sccc32)cc1,353.0389607,4.9454,4,2,68.01,6,3,0.547463883,2.273661567,0,5.6939363,5.922941,4.9603224
n1c(Nc2cc(Cl)ccc2)c2ccsc2c2cccc(-c3[nH]cnn3)c12,377.0501941,5.6316,5,2,66.49,7,3,0.427181794,2.864966353,0,7.187737,7.4170337,6.585809
c1c(F)c(-c2ccc3c(c(-c4nc(OC5C6(CC6)CCNC5)cnc4)c[nH]3)c2)c(F)cc1,432.1761678,5.091,4,2,62.83,6,4,0.471541887,3.879610068,0,7.8413734,7.755165,8.254667
Fc1c(-c2c(F)ccc(C(=O)Nc3cnccc3C3=CC(O)CC(C)C3)n2)c(F)ccc1,439.1507615,4.9874,4,2,75.11,6,4,0.600873164,3.59702348,0,6.3610425,6.631751,6.699545
n1c(Nc2ccccc2Cl)c2c(scc2)c2c1c(-c1nnc[nH]1)ccc2,377.0501941,5.6316,5,2,66.49,7,3,0.427181794,2.856984135,0,4.976093,5.106311,3.5936365
C1(N)CN(c2c(C=C3C(=O)NC(=O)S3)cccc2-c2ccccc2)CC1,365.1197978,3.2149,5,2,75.43,7,3,0.817116393,2.996695022,0,5.1274433,5.1545377,5.5295744
c12c3cccc(C(=O)N)c3nc(Nc3ccccc3)c1ccs2,319.077933,4.292,4,2,68.01,6,3,0.591618552,2.220316122,0,4.950165,5.049891,5.1594305
c1cc(-c2ccc3c(c2)c(-c2nc(N4CC(N)CCC4)cnc2)c[nH]3)ccc1F,387.1859239,4.3585,4,2,70.83,6,3,0.547977651,2.915884192,0,6.9741287,7.0402627,5.909064
n1cc(N2CCNCC2)ccc1Nc1ncc2c3c(n(C4CCCCC4)c2c1)cncc3,427.2484439,4.6379,7,2,70.9,9,4,0.494511163,2.801871358,0,5.214407,5.1821814,5.352161
C1(n2c3c(c4cnc(Nc5ccc(N6CCNCC6)cn5)nc42)cccc3)CCCC1,413.2327939,4.2478,7,2,70.9,9,4,0.521271601,2.632552339,0,5.8432565,5.9529834,5.884132
c1(Nc2ccccc2)nc2c(cccc2-c2nnc[nH]2)c2cnccc12,338.1279944,4.3117,5,2,79.38,7,3,0.479190621,2.706351975,0,5.0212283,5.12458,4.6829967
c1cc2c3ccncc3n(C3CCC(O)CC3)c2cc1Nc1ccc(N2CCNCC2)cn1,442.2481096,4.2137,7,3,78.24,10,4,0.439418103,2.781227388,0,5.7919993,5.7482224,5.108744
c1ccccc1-n1c2nc(Nc3ccc(N4CCNCC4)cc3)ncc2c2ccncc12,421.2014937,4.1219,7,2,70.9,9,4,0.454890794,2.489655012,0,6.3745413,6.5509024,5.9982595
c1sc(-c2ccc3c(c(-c4nc(NC(C)C)cnc4)c[nH]3)c2)nn1,336.1157155,3.9637,6,2,79.38,8,4,0.589444601,2.853599178,0,6.839343,6.535536,6.431709
C(c1c(N2CCCC(N)C2)c(Cl)ccc1)=C1C(=O)NC(=O)S1,337.0651754,2.5914,5,2,75.43,7,2,0.811221447,3.139476304,0,5.0464277,5.052143,4.9575825
N1(c2ccc(Nc3ncc4c(n3)n(C(CC)CC)c3cnccc34)cc2)CCNCC1,415.2484439,4.4938,7,2,70.9,9,6,0.483364492,2.752600914,0,6.763905,6.844947,6.9149356
Fc1cc(Nc2c3c(c4c(c(-c5nnc[nH]5)ccc4)n2)cncc3)cc(F)c1,374.1091508,4.5899,5,2,79.38,7,3,0.451683695,2.920554074,0,5.975544,6.0641704,5.0122285
Fc1c(-c2ccc3[nH]nc(-c4cncc(NC5CCNCC5)n4)c3c2)c(F)ccc1,406.1717511,4.129,5,3,78.52,8,4,0.4750346,2.767790117,0,6.449883,6.546072,6.6814137
c1cc(Cl)cc2c1NC(=O)C2=Cc1c(N2CCCC(N)C2)c(OC(C)C)ccc1,411.1713548,4.5474,4,2,67.59,6,4,0.724156105,3.096543602,0,6.1168294,6.0325627,5.2903523
c1(Nc2c3c(c4cccc(-c5nnc[nH]5)c4n2)scc3)ccco1,333.068431,4.5712,6,2,79.63,8,3,0.505358519,3.283394342,0,7.022781,7.1191397,4.8736715
C1C(O)C(C)CC(c2c(NC(c3nc(-c4c(F)ccc(CC)c4F)ccc3)=O)cncc2)C1,451.2071335,5.501,4,2,75.11,6,5,0.53709752,3.681980686,0,6.237521,6.4263573,6.3572464
